agency,partner,district,vdc,ward,type,items,hhs,status,startdate,enddate,comments,email,phone,authority,families,familes2items,beneficiaries
UNHCR,CDO Office,Sindhuli,KusesworDumja,,Tarpaulin,275,275,Completed distributions ,28/04/15,30/04/15,,,,,,,
UNHCR,CDO Office,Sindhuli,JhangajholiRalmata,,Tarpaulin,300,300,Completed distributions ,28/04/15,30/04/15,,,,,,,
UNHCR,CDO Office,Sindhuli,PuranoJhangajholi,,Tarpaulin,300,300,Completed distributions ,28/04/15,30/04/15,,,,,,,
UNHCR,CDO Office,Sindhuli,Sitalpati,,Tarpaulin,280,280,Completed distributions ,28/04/15,30/04/15,,,,,,,
UNHCR,CDO Office,Sindhuli,Majhuwa,,Tarpaulin,275,275,Completed distributions ,28/04/15,30/04/15,,,,,,,
UNHCR,CDO Office,Sindhuli,Kapilakot,,Tarpaulin,300,300,Completed distributions ,28/04/15,30/04/15,,,,,,,
UNHCR,CDO Office,Sindhuli,Bhadrakali,,Tarpaulin,175,175,Completed distributions ,28/04/15,30/04/15,,,,,,,
UNHCR,CDO Office,Sindhuli,Bhimeshwor,,Tarpaulin,175,175,Completed distributions ,28/04/15,30/04/15,,,,,,,
UNHCR,CDO Office,Sindhuli,Pipalmadi,,Tarpaulin,100,100,Completed distributions ,28/04/15,30/04/15,,,,,,,
UNHCR,CDO Office,Sindhuli,Mahendrajhayadi,,Tarpaulin,100,100,Completed distributions ,28/04/15,30/04/15,,,,,,,
UNHCR,CDO Office,Sindhuli,HariharpurGadhi,,Tarpaulin,100,100,Completed distributions ,28/04/15,30/04/15,,,,,,,
UNHCR,CDO Office,Sindhuli,Baseshwor,,Tarpaulin,120,120,Completed distributions ,28/04/15,30/04/15,,,,,,,
UNHCR,CDO Office,Sindhuli,Kamalamai N.P.,,Tarpaulin,300,300,Completed distributions ,28/04/15,30/04/15,,,,,,,
UNHCR,CDO Office,Ramechhap,Goswara,,Tarpaulin,100,100,Completed distributions ,28/04/15,01/05/15,,,,,,,
UNHCR,CDO Office,Ramechhap,Lakhanpur,,Tarpaulin,100,100,Completed distributions ,28/04/15,01/05/15,,,,,,,
UNHCR,CDO Office,Ramechhap,Tokarpur,,Tarpaulin,100,100,Completed distributions ,28/04/15,01/05/15,,,,,,,
UNHCR,CDO Office,Ramechhap,GunsiBhadaure,,Tarpaulin,100,100,Completed distributions ,28/04/15,01/05/15,Details to be confirmed,,,,,,
UNHCR,CDO Office,Ramechhap,Dimipokhari,,Tarpaulin,100,100,Completed distributions ,28/04/15,01/05/15,Details to be confirmed,,,,,,
UNHCR,CDO Office,Ramechhap,Bethan,,Tarpaulin,100,100,Completed distributions ,28/04/15,01/05/15,Details to be confirmed,,,,,,
UNHCR,CDO Office,Ramechhap,Khaniyapani,,Tarpaulin,100,100,Completed distributions ,28/04/15,01/05/15,CDO Sindhuli office plans to airlift the solar lanterns to the remote VDCs where road facilities are inaccessible. Distribution is yet to confirm,,,,,,
UNHCR,CDO Office,Ramechhap,Rakathum,,Tarpaulin,100,100,Completed distributions ,28/04/15,01/05/15,,,,,,,
UNHCR,CDO Office,Ramechhap,Majuwa,,Tarpaulin,100,100,Completed distributions ,28/04/15,01/05/15,details to be confirmed,,,,,,
UNHCR,CDO Office,Ramechhap,Bhirpani,,Tarpaulin,100,100,Completed distributions ,28/04/15,01/05/15,"Regional Administration Office, Dhankuta is now the custody of remaining 720 solar lanterns which they received from APF basecamp, Pakali. Distribution is yet to confirm",,,,,,
UNHCR,CDO Office,Ramechhap,Makadum,,Tarpaulin,100,100,Completed distributions ,28/04/15,01/05/15,,,,,,,
UNHCR,CDO Office,Ramechhap,Khadadevi,,Tarpaulin,100,100,Completed distributions ,28/04/15,01/05/15,,,,,,,
UNHCR,CDO Office,Ramechhap,Doramba,,Tarpaulin,100,100,Completed distributions ,28/04/15,01/05/15,,,,,,,
UNHCR,CDO Office,Ramechhap,Dadhuwa,,Tarpaulin,100,100,Completed distributions ,28/04/15,01/05/15,,,,,,,
UNHCR,CDO Office,Ramechhap,Bhadaure,,Tarpaulin,100,100,Completed distributions ,28/04/15,01/05/15,,,,,,,
UNHCR,CDO Office,Ramechhap,Pinkhuri,,Tarpaulin,100,100,Completed distributions ,28/04/15,01/05/15,,,,,,,
UNHCR,CDO Office,Ramechhap,Pakarbas,,Tarpaulin,100,100,Completed distributions ,28/04/15,01/05/15,,,,,,,
UNHCR,CDO Office,Ramechhap,Chanakhu,,Tarpaulin,100,100,Completed distributions ,28/04/15,01/05/15,,,,,,,
UNHCR,CDO Office,Ramechhap,Phulasi,,Tarpaulin,100,100,Completed distributions ,28/04/15,01/05/15,,,,,,,
UNHCR,CDO Office,Ramechhap,Maluwajor,,Tarpaulin,100,100,Completed distributions ,28/04/15,01/05/15,,,,,,,
UNHCR,CDO Office,Ramechhap,Khimti,,Tarpaulin,100,100,Completed distributions ,28/04/15,01/05/15,,,,,,,
UNHCR,CDO Office,Ramechhap,Tilpung,,Tarpaulin,100,100,Completed distributions ,28/04/15,01/05/15,,,,,,,
UNHCR,CDO Office,Ramechhap,Rampur,,Tarpaulin,100,100,Completed distributions ,28/04/15,01/05/15,,,,,,,
UNHCR,CDO Office,Ramechhap,Salupati,,Tarpaulin,100,100,Completed distributions ,28/04/15,01/05/15,,,,,,,
UNHCR,CDO Office,Ramechhap,Deurali,,Tarpaulin,100,100,Completed distributions ,28/04/15,01/05/15,Only Solar lamps,,,,,,
UNHCR,CDO Office,Ramechhap,Himganga,,Tarpaulin,100,100,Completed distributions ,28/04/15,01/05/15,Only Solar lamps,,,,,,
UNHCR,CDO Office,Ramechhap,Sanghutar,,Tarpaulin,100,100,Completed distributions ,28/04/15,01/05/15,,,,,,,
UNHCR,CDO Office,Ramechhap,Gothgau,,Tarpaulin,100,100,Completed distributions ,28/04/15,01/05/15,,,,,,,
UNHCR,CDO Office,Ramechhap,Bijulikot,,Tarpaulin,100,100,Completed distributions ,28/04/15,01/05/15,Only Solar lamps,,,,,,
UNHCR,CDO Office,Ramechhap,Farpu,,Tarpaulin,100,100,Completed distributions ,28/04/15,01/05/15,Only Solar lamps,,,,,,
UNHCR,CDO Office,Ramechhap,NagaDaha,,Tarpaulin,100,100,Completed distributions ,28/04/15,01/05/15,,,,,,,
UNHCR,CDO Office,Ramechhap,Saipu,,Tarpaulin,100,100,Completed distributions ,28/04/15,01/05/15,,,,,,,
UNHCR,CDO Office,Ramechhap,Namadi,,Tarpaulin,100,100,Completed distributions ,28/04/15,01/05/15,Only Solar lamps,,,,,,
UNHCR,CDO Office,Ramechhap,Duragau,,Tarpaulin,100,100,Completed distributions ,28/04/15,01/05/15,,,,,,,
UNHCR,CDO Office,Ramechhap,Betali,,Tarpaulin,100,100,Completed distributions ,28/04/15,01/05/15,Only Solar lamps,,,,,,
UNHCR,CDO Office,Ramechhap,Rasanalu,,Tarpaulin,100,100,Completed distributions ,28/04/15,01/05/15,,,,,,,
UNHCR,CDO Office,Ramechhap,Guptesor,,Tarpaulin,100,100,Completed distributions ,28/04/15,01/05/15,Only Solar lamps,,,,,,
UNHCR,CDO Office,Ramechhap,Bhujee,,Tarpaulin,100,100,Completed distributions ,28/04/15,01/05/15,,,,,,,
UNHCR,CDO Office,Ramechhap,Pritee,,Tarpaulin,100,100,Completed distributions ,28/04/15,01/05/15,,,,,,,
UNHCR,CDO Office,Ramechhap,Those,,Tarpaulin,100,100,Completed distributions ,28/04/15,01/05/15,,,,,,,
UNHCR,CDO Office,Ramechhap,Kubukasthali,,Tarpaulin,100,100,Completed distributions ,28/04/15,01/05/15,,,,,,,
UNHCR,CDO Office,Ramechhap,Wapti,,Tarpaulin,100,100,Completed distributions ,28/04/15,01/05/15,,,,,,,
UNHCR,CDO Office,Ramechhap,Chuchure,,Tarpaulin,100,100,Completed distributions ,28/04/15,01/05/15,Only Solar Lamps. ,,,,,,
UNHCR,CDO Office,Ramechhap,Gumdel,,Tarpaulin,100,100,Completed distributions ,28/04/15,01/05/15,,,,,,,
UNHCR,CDO Office,Ramechhap,Hiledevi,,Tarpaulin,100,100,Completed distributions ,28/04/15,01/05/15,,,,,,,
UNHCR,CDO Office,Ramechhap,Manthali,,Tarpaulin,1675,1675,Completed distributions ,29/04/15,01/05/15,,,,,,,
UNHCR,CDO Office,Ramechhap,Ramechhap,,Tarpaulin,800,800,Completed distributions ,29/04/15,01/05/15,,,,,,,
UNHCR,Red Cross- Biratnagar,Okhaldhunga,Siddhicharan Municipality,,Tarpaulin,300,300,Completed distributions ,01/05/15,07/05/15,,,,,,,
UNHCR,Red Cross- Biratnagar,Okhaldhunga,Baruneshwor,,Tarpaulin,200,200,Completed distributions ,01/05/15,07/05/15,,,,,,,
UNHCR,Red Cross- Biratnagar,Okhaldhunga,Khijifalate,,Tarpaulin,150,150,Completed distributions ,01/05/15,07/05/15,,,,,,,
UNHCR,Red Cross- Biratnagar,Okhaldhunga,Rawadolu,,Tarpaulin,100,100,Completed distributions ,01/05/15,07/05/15,Only Solar Lamps. ,,,,,,
UNHCR,Red Cross- Biratnagar,Okhaldhunga,Bhussinga,,Tarpaulin,100,100,Completed distributions ,01/05/15,07/05/15,,,,,,,
UNHCR,Red Cross- Biratnagar,Okhaldhunga,Balakhu,,Tarpaulin,150,150,Completed distributions ,01/05/15,07/05/15,,,,,,,
UNHCR,Red Cross- Biratnagar,Panchthar,Aangsarang,,Tarpaulin,13,13,Completed distributions ,01/05/15,07/05/15,,,,,,,
UNHCR,Red Cross- Biratnagar,Panchthar,Durdimba,,Tarpaulin,6,6,Completed distributions ,01/05/15,07/05/15,,,,,,,
UNHCR,Red Cross- Biratnagar,Panchthar,Mangjabung,,Tarpaulin,1,1,Completed distributions ,07/05/15,07/05/15,,,,,,,
UNHCR,Red Cross- Biratnagar,Panchthar,Sumang,,Tarpaulin,3,3,Completed distributions ,01/05/15,07/05/15,,,,,,,
UNHCR,Red Cross- Biratnagar,Panchthar,Fidim,,Tarpaulin,14,14,Completed distributions ,01/05/15,07/05/15,,,,,,,
UNHCR,Red Cross- Biratnagar,Panchthar,Ranitar,,Tarpaulin,1,1,Completed distributions ,01/05/15,07/05/15,,,,,,,
UNHCR,Red Cross- Biratnagar,Panchthar,Nangeen,,Tarpaulin,6,6,Completed distributions ,01/05/15,07/05/15,,,,,,,
UNHCR,Red Cross- Biratnagar,Panchthar,Bharapa,,Tarpaulin,2,2,Completed distributions ,01/05/15,07/05/15,,,,,,,
UNHCR,Red Cross- Biratnagar,Panchthar,Rabi,,Tarpaulin,5,5,Completed distributions ,01/05/15,07/05/15,,,,,,,
UNHCR,Red Cross- Biratnagar,Panchthar,Kurumba,,Tarpaulin,6,6,Completed distributions ,01/05/15,07/05/15,,,,,,,
UNHCR,Red Cross- Biratnagar,Panchthar,Limba,,Tarpaulin,2,2,Completed distributions ,01/05/15,07/05/15,,,,,,,
UNHCR,Red Cross- Biratnagar,Panchthar,RaniGaun,,Tarpaulin,1,1,Completed distributions ,01/05/15,07/05/15,Only Solar Lamps. ,,,,,,
UNHCR,Red Cross- Biratnagar,Panchthar,SarangDanda,,Tarpaulin,14,14,Completed distributions ,01/05/15,07/05/15,,,,,,,
UNHCR,Red Cross- Biratnagar,Panchthar,Mauwa,,Tarpaulin,6,6,Completed distributions ,01/05/15,07/05/15,,,,,,,
UNHCR,Red Cross- Biratnagar,Panchthar,Aangna,,Tarpaulin,5,5,Completed distributions ,01/05/15,07/05/15,,,,,,,
UNHCR,Red Cross- Biratnagar,Panchthar,Aarubote,,Tarpaulin,5,5,Completed distributions ,01/05/15,07/05/15,,,,,,,
UNHCR,Red Cross- Biratnagar,Panchthar,Olane,,Tarpaulin,3,3,Completed distributions ,01/05/15,07/05/15,,,,,,,
UNHCR,Red Cross- Biratnagar,Panchthar,Hangum,,Tarpaulin,6,6,Completed distributions ,01/05/15,07/05/15,,,,,,,
UNHCR,Red Cross- Biratnagar,Panchthar,Amarpur,,Tarpaulin,1,1,Completed distributions ,01/05/15,07/05/15,,,,,,,
UNHCR,Red Cross- Biratnagar,Taplejung,Lelep,,Tarpaulin,100,100,Completed distributions ,01/05/15,07/05/15,,,,,,,
UNHCR,CDO Office,Sindhuli,Pipalmadi,,Household kits (excluding tarpaulins),72,72,Completed distributions ,28/04/15,08/05/15,,,,,,,
UNHCR,CDO Office,Sindhuli,HariharpurGadhi,,Household kits (excluding tarpaulins),72,72,Completed distributions ,28/04/15,08/05/15,,,,,,,
UNHCR,CDO Office,Sindhuli,Santeswori(Rampur),,Household kits (excluding tarpaulins),72,72,Completed distributions ,28/04/15,08/05/15,,,,,,,
UNHCR,CDO Office,Sindhuli,Netrakali,,Household kits (excluding tarpaulins),72,72,Completed distributions ,28/04/15,08/05/15,,,,,,,
UNHCR,CDO Office,Sindhuli,Bastipur,,Household kits (excluding tarpaulins),72,72,Completed distributions ,28/04/15,08/05/15,,,,,,,
UNHCR,CDO Office,Sindhuli,Kamajor,,Household kits (excluding tarpaulins),72,72,Completed distributions ,28/04/15,08/05/15,,,,,,,
UNHCR,CDO Office,Sindhuli,Amale,,Household kits (excluding tarpaulins),72,72,Completed distributions ,28/04/15,08/05/15,,,,,,,
UNHCR,CDO Office,Ramechhap,Goswara,,Household kits (excluding tarpaulins),56,56,Completed distributions ,28/04/15,03/05/15,,,,,,,
UNHCR,CDO Office,Ramechhap,Lakhanpur,,Household kits (excluding tarpaulins),56,56,Completed distributions ,28/04/15,03/05/15,,,,,,,
UNHCR,CDO Office,Ramechhap,Tokarpur,,Household kits (excluding tarpaulins),56,56,Completed distributions ,28/04/15,03/05/15,,,,,,,
UNHCR,CDO Office,Ramechhap,GunsiBhadaure,,Household kits (excluding tarpaulins),56,56,Completed distributions ,28/04/15,03/05/15,,,,,,,
UNHCR,CDO Office,Ramechhap,Dimipokhari,,Household kits (excluding tarpaulins),56,56,Completed distributions ,28/04/15,03/05/15,,,,,,,
UNHCR,CDO Office,Ramechhap,Bethan,,Household kits (excluding tarpaulins),56,56,Completed distributions ,28/04/15,03/05/15,,,,,,,
UNHCR,CDO Office,Ramechhap,Khaniyapani,,Household kits (excluding tarpaulins),56,56,Completed distributions ,28/04/15,03/05/15,,,,,,,
UNHCR,CDO Office,Ramechhap,Rakathum,,Household kits (excluding tarpaulins),56,56,Completed distributions ,28/04/15,03/05/15,,,,,,,
UNHCR,CDO Office,Ramechhap,Majuwa,,Household kits (excluding tarpaulins),56,56,Completed distributions ,28/04/15,03/05/15,,,,,,,
UNHCR,CDO Office,Ramechhap,Bhirpani,,Household kits (excluding tarpaulins),56,56,Completed distributions ,28/04/15,03/05/15,,,,,,,
UNHCR,CDO Office,Ramechhap,Makadum,,Household kits (excluding tarpaulins),56,56,Completed distributions ,28/04/15,03/05/15,,,,,,,
UNHCR,CDO Office,Ramechhap,Khadadevi,,Household kits (excluding tarpaulins),56,56,Completed distributions ,28/04/15,03/05/15,,,,,,,
UNHCR,CDO Office,Ramechhap,Doramba,,Household kits (excluding tarpaulins),56,56,Completed distributions ,28/04/15,03/05/15,,,,,,,
UNHCR,CDO Office,Ramechhap,Dadhuwa,,Household kits (excluding tarpaulins),56,56,Completed distributions ,28/04/15,03/05/15,,,,,,,
UNHCR,CDO Office,Ramechhap,Bhadaure,,Household kits (excluding tarpaulins),56,56,Completed distributions ,28/04/15,03/05/15,,,,,,,
UNHCR,CDO Office,Ramechhap,Pinkhuri,,Household kits (excluding tarpaulins),56,56,Completed distributions ,28/04/15,03/05/15,,,,,,,
UNHCR,CDO Office,Ramechhap,Pakarbas,,Household kits (excluding tarpaulins),56,56,Completed distributions ,28/04/15,03/05/15,,,,,,,
UNHCR,CDO Office,Ramechhap,Chanakhu,,Household kits (excluding tarpaulins),56,56,Completed distributions ,28/04/15,03/05/15,,,,,,,
UNHCR,CDO Office,Ramechhap,Phulasi,,Household kits (excluding tarpaulins),56,56,Completed distributions ,28/04/15,03/05/15,,,,,,,
UNHCR,CDO Office,Ramechhap,Maluwajor,,Household kits (excluding tarpaulins),56,56,Completed distributions ,28/04/15,03/05/15,,,,,,,
UNHCR,CDO Office,Ramechhap,Khimti,,Household kits (excluding tarpaulins),56,56,Completed distributions ,28/04/15,03/05/15,,,,,,,
UNHCR,CDO Office,Ramechhap,Tilpung,,Household kits (excluding tarpaulins),56,56,Completed distributions ,28/04/15,03/05/15,,,,,,,
UNHCR,CDO Office,Ramechhap,Rampur,,Household kits (excluding tarpaulins),56,56,Completed distributions ,28/04/15,03/05/15,,,,,,,
UNHCR,CDO Office,Ramechhap,Salupati,,Household kits (excluding tarpaulins),56,56,Completed distributions ,28/04/15,03/05/15,,,,,,,
UNHCR,CDO Office,Ramechhap,Deurali,,Household kits (excluding tarpaulins),56,56,Completed distributions ,28/04/15,03/05/15,,,,,,,
UNHCR,CDO Office,Ramechhap,Himganga,,Household kits (excluding tarpaulins),56,56,Completed distributions ,28/04/15,03/05/15,,,,,,,
UNHCR,CDO Office,Ramechhap,Sanghutar,,Household kits (excluding tarpaulins),56,56,Completed distributions ,28/04/15,03/05/15,,,,,,,
UNHCR,CDO Office,Ramechhap,Gothgau,,Household kits (excluding tarpaulins),56,56,Completed distributions ,28/04/15,03/05/15,,,,,,,
UNHCR,CDO Office,Ramechhap,Bijulikot,,Household kits (excluding tarpaulins),56,56,Completed distributions ,28/04/15,03/05/15,,,,,,,
UNHCR,CDO Office,Ramechhap,Farpu,,Household kits (excluding tarpaulins),56,56,Completed distributions ,28/04/15,03/05/15,,,,,,,
UNHCR,CDO Office,Ramechhap,NagaDaha,,Household kits (excluding tarpaulins),56,56,Completed distributions ,28/04/15,03/05/15,,,,,,,
UNHCR,CDO Office,Ramechhap,Saipu,,Household kits (excluding tarpaulins),56,56,Completed distributions ,28/04/15,03/05/15,,,,,,,
UNHCR,CDO Office,Ramechhap,Namadi,,Household kits (excluding tarpaulins),56,56,Completed distributions ,28/04/15,03/05/15,,,,,,,
UNHCR,CDO Office,Ramechhap,Duragau,,Household kits (excluding tarpaulins),56,56,Completed distributions ,28/04/15,03/05/15,,,,,,,
UNHCR,CDO Office,Ramechhap,Betali,,Household kits (excluding tarpaulins),56,56,Completed distributions ,28/04/15,03/05/15,,,,,,,
UNHCR,CDO Office,Ramechhap,Rasanalu,,Household kits (excluding tarpaulins),56,56,Completed distributions ,28/04/15,03/05/15,,,,,,,
UNHCR,CDO Office,Ramechhap,Guptesor,,Household kits (excluding tarpaulins),56,56,Completed distributions ,28/04/15,03/05/15,,,,,,,
UNHCR,CDO Office,Ramechhap,Bhujee,,Household kits (excluding tarpaulins),56,56,Completed distributions ,28/04/15,03/05/15,,,,,,,
UNHCR,CDO Office,Ramechhap,Pritee,,Household kits (excluding tarpaulins),56,56,Completed distributions ,28/04/15,03/05/15,,,,,,,
UNHCR,CDO Office,Ramechhap,Those,,Household kits (excluding tarpaulins),56,56,Completed distributions ,28/04/15,03/05/15,,,,,,,
UNHCR,CDO Office,Ramechhap,Kubukasthali,,Household kits (excluding tarpaulins),56,56,Completed distributions ,28/04/15,03/05/15,,,,,,,
UNHCR,CDO Office,Ramechhap,Wapti,,Household kits (excluding tarpaulins),56,56,Completed distributions ,28/04/15,03/05/15,,,,,,,
UNHCR,CDO Office,Ramechhap,Chuchure,,Household kits (excluding tarpaulins),56,56,Completed distributions ,28/04/15,03/05/15,,,,,,,
UNHCR,CDO Office,Ramechhap,Gumdel,,Household kits (excluding tarpaulins),56,56,Completed distributions ,28/04/15,03/05/15,,,,,,,
UNHCR,CDO Office,Ramechhap,Hiledevi,,Household kits (excluding tarpaulins),56,56,Completed distributions ,28/04/15,03/05/15,,,,,,,
UNHCR,APF base camp- Pakali,Solukhumbu,Dhudkunda Municipality,,Household kits (excluding tarpaulins),212,,Completed distributions ,28/04/15,28/04/15,,,,,,,
UNHCR,APF base camp- Pakali,Solukhumbu,Dhudkunda Municipality,,Household kits (excluding tarpaulins),168,168,Completed distributions ,30/04/15,15/05/15,,,,,,,
UNHCR,APF base camp- Pakali,Solukhumbu,Beni,,Household kits (excluding tarpaulins),4,4,Completed distributions ,30/04/15,15/05/15,,,,,,,
UNHCR,APF base camp- Pakali,Solukhumbu,Bhakanje,,Household kits (excluding tarpaulins),4,4,Completed distributions ,30/04/15,15/05/15,,,,,,,
UNHCR,APF base camp- Pakali,Solukhumbu,Bung,,Household kits (excluding tarpaulins),4,4,Completed distributions ,30/04/15,15/05/15,,,,,,,
UNHCR,APF base camp- Pakali,Solukhumbu,Chheskam,,Household kits (excluding tarpaulins),4,4,Completed distributions ,30/04/15,15/05/15,,,,,,,
UNHCR,APF base camp- Pakali,Solukhumbu,Chaurikharka,,Household kits (excluding tarpaulins),4,4,Completed distributions ,30/04/15,15/05/15,,,,,,,
UNHCR,APF base camp- Pakali,Solukhumbu,Deusa,,Household kits (excluding tarpaulins),4,4,Completed distributions ,30/04/15,15/05/15,,,,,,,
UNHCR,APF base camp- Pakali,Solukhumbu,Garma,,Household kits (excluding tarpaulins),4,4,Completed distributions ,30/04/15,15/05/15,,,,,,,
UNHCR,APF base camp- Pakali,Solukhumbu,Goli,,Household kits (excluding tarpaulins),4,4,Completed distributions ,30/04/15,15/05/15,,,,,,,
UNHCR,APF base camp- Pakali,Solukhumbu,Gorakhani,,Household kits (excluding tarpaulins),4,4,Completed distributions ,30/04/15,15/05/15,,,,,,,
UNHCR,APF base camp- Pakali,Solukhumbu,Gudel,,Household kits (excluding tarpaulins),4,4,Completed distributions ,30/04/15,15/05/15,,,,,,,
UNHCR,APF base camp- Pakali,Solukhumbu,Jubu,,Household kits (excluding tarpaulins),4,4,Completed distributions ,30/04/15,15/05/15,,,,,,,
UNHCR,APF base camp- Pakali,Solukhumbu,Jubing,,Household kits (excluding tarpaulins),4,4,Completed distributions ,30/04/15,15/05/15,,,,,,,
UNHCR,APF base camp- Pakali,Solukhumbu,Kangel,,Household kits (excluding tarpaulins),4,4,Completed distributions ,30/04/15,15/05/15,,,,,,,
UNHCR,APF base camp- Pakali,Solukhumbu,Kaku,,Household kits (excluding tarpaulins),4,4,Completed distributions ,30/04/15,15/05/15,,,,,,,
UNHCR,APF base camp- Pakali,Solukhumbu,Kureng,,Household kits (excluding tarpaulins),4,4,Completed distributions ,30/04/15,15/05/15,,,,,,,
UNHCR,APF base camp- Pakali,Solukhumbu,Khumjung,,Household kits (excluding tarpaulins),4,4,Completed distributions ,30/04/15,15/05/15,,,,,,,
UNHCR,APF base camp- Pakali,Solukhumbu,Lokhim,,Household kits (excluding tarpaulins),4,4,Completed distributions ,30/04/15,15/05/15,,,,,,,
UNHCR,APF base camp- Pakali,Solukhumbu,Mukali,,Household kits (excluding tarpaulins),4,4,Completed distributions ,30/04/15,15/05/15,,,,,,,
UNHCR,APF base camp- Pakali,Solukhumbu,Namche,,Household kits (excluding tarpaulins),4,4,Completed distributions ,30/04/15,15/05/15,,,,,,,
UNHCR,APF base camp- Pakali,Solukhumbu,Nechabatase,,Household kits (excluding tarpaulins),4,4,Completed distributions ,30/04/15,15/05/15,,,,,,,
UNHCR,APF base camp- Pakali,Solukhumbu,NechaBedghari,,Household kits (excluding tarpaulins),4,4,Completed distributions ,30/04/15,15/05/15,,,,,,,
UNHCR,APF base camp- Pakali,Solukhumbu,Nele,,Household kits (excluding tarpaulins),4,4,Completed distributions ,30/04/15,15/05/15,,,,,,,
UNHCR,APF base camp- Pakali,Solukhumbu,Panchan,,Household kits (excluding tarpaulins),4,4,Completed distributions ,30/04/15,15/05/15,,,,,,,
UNHCR,APF base camp- Pakali,Solukhumbu,Mabe(Pawai),,Household kits (excluding tarpaulins),4,4,Completed distributions ,30/04/15,15/05/15,,,,,,,
UNHCR,APF base camp- Pakali,Solukhumbu,Sotang,,Household kits (excluding tarpaulins),4,4,Completed distributions ,30/04/15,15/05/15,,,,,,,
UNHCR,APF base camp- Pakali,Solukhumbu,Takasindu,,Household kits (excluding tarpaulins),4,4,Completed distributions ,30/04/15,15/05/15,,,,,,,
UNHCR,APF base camp- Pakali,Solukhumbu,Tapting,,Household kits (excluding tarpaulins),4,4,Completed distributions ,30/04/15,15/05/15,,,,,,,
UNHCR,APF base camp- Pakali,Solukhumbu,LodingTamakhani,,Household kits (excluding tarpaulins),4,4,Completed distributions ,30/04/15,15/05/15,,,,,,,
UNHCR,APF base camp- Pakali,Solukhumbu,Tingla,,Household kits (excluding tarpaulins),4,4,Completed distributions ,30/04/15,15/05/15,,,,,,,
UNHCR,APF base camp- Pakali,Solukhumbu,Baku,,Household kits (excluding tarpaulins),4,4,Completed distributions ,30/04/15,15/05/15,,,,,,,
UNHCR,APF base camp- Pakali,Solukhumbu,Basa,,Household kits (excluding tarpaulins),4,4,Completed distributions ,30/04/15,15/05/15,,,,,,,
UNHCR,Regional Administration Office- Dhankuta,Okhaldhunga,Okhaldhunga,,Household kits (excluding tarpaulins),288,,Completed distributions ,28/04/15,28/04/15,,,,,,,
UNHCR,Regional Administration Office- Dhankuta,Bhojpur,Bhojpur,,Household kits (excluding tarpaulins),144,,Completed distributions ,28/04/15,28/04/15,,,,,,,
UNHCR,NUCRA,Kathmandu,Jorpati,,Tarpaulin,3,3,Completed distributions ,25/05/15,25/05/15,,,,,,,
UNHCR,NUCRA,Kathmandu,Ramkot,,Tarpaulin,17,17,Completed distributions ,25/05/15,30/05/15,,,,,,,
UNHCR,NUCRA,Kathmandu,Kathmandu M.N.P.,,Tarpaulin,1,1,Completed distributions ,30/05/15,30/05/15,,,,,,,
UNHCR,NUCRA,Sindhupalchok,Mahankal,,Tarpaulin,5,5,Completed distributions ,25/05/15,25/05/15,,,,,,,
UNHCR,NUCRA,Nuwakot,Thansing,,Tarpaulin,1,1,Completed distributions ,25/05/15,25/05/15,,,,,,,
UNHCR,NUCRA,Lalitpur,Chapagaun,,Tarpaulin,1,1,Completed distributions ,30/05/15,30/05/15,,,,,,,
UNHCR,NUCRA,Bhaktapur,Bhaktapur N.P.,,Tarpaulin,2,2,Completed distributions ,30/05/15,30/05/15,,,,,,,
UNHCR,Save the Children,Gorkha,Takukot,,Tarpaulin,250,250,Completed distributions ,07/05/15,10/05/15,,,,,,,
UNHCR,Save the Children,Gorkha,Baguwa,,Tarpaulin,100,100,Completed distributions ,07/05/15,10/05/15,,,,,,,
UNHCR,Save the Children,Gorkha,Dhawa,,Tarpaulin,300,300,Completed distributions ,07/05/15,10/05/15,,,,,,,
UNHCR,Save the Children,Gorkha,Masel,,Tarpaulin,200,200,Completed distributions ,07/05/15,10/05/15,,,,,,,
UNHCR,Save the Children,Gorkha,Aarupokhari,,Tarpaulin,175,175,Completed distributions ,07/05/15,10/05/15,,,,,,,
UNHCR,Save the Children,Gorkha,AaruChanuate,,Tarpaulin,300,300,Completed distributions ,07/05/15,10/05/15,,,,,,,
UNHCR,Save the Children,Gorkha,Pandrung,,Tarpaulin,200,200,Completed distributions ,07/05/15,10/05/15,,,,,,,
UNHCR,Save the Children,Gorkha,Panchkhuwadeurali,,Tarpaulin,200,200,Completed distributions ,07/05/15,10/05/15,,,,,,,
UNHCR,Save the Children,Gorkha,Nareshwor,,Tarpaulin,275,275,Completed distributions ,07/05/15,22/05/15,,,,,,,
UNHCR,Save the Children,Nuwakot,Kumari,,Tarpaulin,1360,1360,Completed distributions ,07/05/15,10/05/15,,,,,,,
UNHCR,Save the Children,Nuwakot,Chauthe,,Tarpaulin,840,840,Completed distributions ,07/05/15,10/05/15,,,,,,,
UNHCR,Regional Administration Office- Dhankuta,Khotang,Dikuwa,,Household kits (excluding tarpaulins),18,18,Completed distributions ,30/04/15,15/05/15,,,,,,,
UNHCR,Regional Administration Office- Dhankuta,Khotang,Bahunidanda,,Household kits (excluding tarpaulins),18,18,Completed distributions ,30/04/15,15/05/15,,,,,,,
UNHCR,Regional Administration Office- Dhankuta,Khotang,Badahare,,Household kits (excluding tarpaulins),18,18,Completed distributions ,30/04/15,15/05/15,,,,,,,
UNHCR,Regional Administration Office- Dhankuta,Khotang,Chyasmitar,,Household kits (excluding tarpaulins),18,18,Completed distributions ,30/04/15,15/05/15,,,,,,,
UNHCR,Save the Children,Nuwakot,Kumari,,Household kits (excluding tarpaulins),250,250,Completed distributions ,07/05/15,10/05/15,,,,,,,
UNHCR,Save the Children,Nuwakot,Chauthe,,Household kits (excluding tarpaulins),150,150,Completed distributions ,07/05/15,10/05/15,,,,,,,
UNHCR,Save the Children,Dhading,Bhumesthan,,Tarpaulin,1005,1005,Completed distributions ,07/05/15,10/05/15,,,,,,,
UNHCR,Save the Children,Dhading,Kiranchok,,Tarpaulin,20,20,Completed distributions ,07/05/15,10/05/15,,,,,,,
UNHCR,Save the Children,Dhading,Kiranchok,,Household kits (excluding tarpaulins),325,325,Completed distributions ,07/05/15,10/05/15,,,,,,,
UNHCR,Save the Children,Dhading,Bhumesthan,,Household kits (excluding tarpaulins),75,75,Completed distributions ,07/05/15,10/05/15,,,,,,,
UNHCR,Save the Children,Dhading,Baireni,,Tarpaulin,775,775,Completed distributions ,07/05/15,10/05/15,,,,,,,
UNHCR,Lutheran World Federation,Rasuwa,Bhorle,,Tarpaulin,110,110,Completed distributions ,09/05/15,09/05/15,,,,,,,
UNHCR,Lutheran World Federation,Rasuwa,Ramche,,Tarpaulin,100,100,Completed distributions ,08/05/15,08/05/15,,,,,,,
UNHCR,Lutheran World Federation,Rasuwa,Dhaibu,,Tarpaulin,110,110,Completed distributions ,08/05/15,08/05/15,,,,,,,
UNHCR,Lutheran World Federation,Rasuwa,Laharepouwa,,Tarpaulin,100,100,Completed distributions ,10/05/15,10/05/15,,,,,,,
UNHCR,Lutheran World Federation,Rasuwa,Ramche,,Household kits (excluding tarpaulins),50,50,Completed distributions ,08/05/15,08/05/15,,,,,,,
UNHCR,Lutheran World Federation,Rasuwa,Dhaibu,,Household kits (excluding tarpaulins),50,50,Completed distributions ,08/05/15,08/05/15,,,,,,,
UNHCR,Lutheran World Federation,Sindhupalchok,Selang,,Tarpaulin,578,578,Completed distributions ,08/05/15,08/05/15,,,,,,,
UNHCR,Lutheran World Federation,Sindhupalchok,Gumba,,Tarpaulin,742,742,Completed distributions ,07/05/15,07/05/15,,,,,,,
UNHCR,Lutheran World Federation,Dolakha,Virkot,,Tarpaulin,850,850,Completed distributions ,21/05/15,23/05/15,,,,,,,
UNHCR,Lutheran World Federation,Dolakha,Virkot,,Household kits (excluding tarpaulins),440,440,Completed distributions ,21/05/15,23/05/15,,,,,,,
UNHCR,Lutheran World Federation,Sindhupalchok,Pangtang,,Tarpaulin,535,535,Completed distributions ,10/05/15,10/05/15,,,,,,,
UNHCR,Lutheran World Federation,Sindhupalchok,Baramchi,,Tarpaulin,775,775,Completed distributions ,09/05/15,09/05/15,,,,,,,
UNHCR,Lutheran World Federation,Lalitpur,Bhattedanda,,Tarpaulin,222,222,Completed distributions ,14/05/15,14/05/15,,,,,,,
UNHCR,Lutheran World Federation,Lalitpur,Choughare,,Tarpaulin,250,250,Completed distributions ,14/05/15,14/05/15,,,,,,,
UNHCR,Lutheran World Federation,Lalitpur,Pyutar,,Tarpaulin,250,250,Completed distributions ,14/05/15,14/05/15,,,,,,,
UNHCR,Lutheran World Federation,Kabhrepalanchok,BekhsimleDhartigaun,,Tarpaulin,310,310,Completed distributions ,18/06/15,18/06/15,,,,,,,
UNHCR,Lutheran World Federation,Kathmandu,Kathmandu M.N.P.,,Tarpaulin,1658,,Completed distributions ,09/05/15,19/06/15,,,,,,,
UNHCR,Lutheran World Federation,Kathmandu,Kathmandu M.N.P.,,Household kits (excluding tarpaulins),110,,Completed distributions ,10/05/15,20/06/15,,,,,,,
UNHCR,UNHCR,Sindhupalchok,Pipaldanda,,Tarpaulin,7,7,Completed distributions ,08/05/15,08/05/15,,,,,,,
UNHCR,UNHCR,Lalitpur,Lalitpur U.M.N.P.,,Tarpaulin,57,0,Completed distributions ,18/05/15,18/05/15,,,,,,,
UNHCR,UNHCR,Lalitpur,Lubhu,,Tarpaulin,1,1,Completed distributions ,18/05/15,18/05/15,,,,,,,
UNHCR,UNHCR,Dhading,Bhumesthan,,Tarpaulin,6,6,Completed distributions ,07/05/15,09/05/15,,,,,,,
UNHCR,UNHCR,Gorkha,Thumi,,Tarpaulin,4,4,Completed distributions ,25/05/15,25/05/15,,,,,,,
UNHCR,UNHCR,Kathmandu,Sitapaila,,Tarpaulin,20,0,Completed distributions ,25/05/15,25/05/15,,,,,,,
UNHCR,UNHCR,Kathmandu,Kathmandu M.N.P.,,Tarpaulin,112,88,Completed distributions ,25/05/15,25/05/15,,,,,,,
UNHCR,UNHCR,Kathmandu,Kathmandu M.N.P.,,Tarpaulin,113,0,Completed distributions ,07/05/15,18/05/15,,,,,,,
UNHCR,UNHCR,Tanahun,Bandipur,,Tarpaulin,20,0,Completed distributions ,26/05/15,01/06/15,,,,,,,
UNHCR,UNHCR,Kathmandu,Kathmandu M.N.P.,,Household kits (excluding tarpaulins),5,0,Completed distributions ,14/05/15,14/05/15,,,,,,,
UNHCR,UNHCR,Kathmandu,Kathmandu M.N.P.,,Household kits (excluding tarpaulins),135,135,Completed distributions ,12/05/15,12/05/15,,,,,,,
UNHCR,UNHCR,Solukhumbu,Salleri,,Tarpaulin,10,0,Completed distributions ,26/05/15,26/05/15,,,,,,,
UNHCR,Rotary Club of Kathmandu Mid-town,Gorkha,Dhawa,,Tarpaulin,200,200,Completed distributions ,10/05/15,10/05/15,,,,,,,
UNHCR,Rotary Club of Kathmandu Mid-town,Gorkha,Dhuwakot,,Tarpaulin,150,150,Completed distributions ,09/05/15,09/05/15,,,,,,,
UNHCR,Rotary Club of Kathmandu Mid-town,Makawanpur,Tistung,,Tarpaulin,50,50,Completed distributions ,10/05/15,10/05/15,,,,,,,
UNHCR,Rotary Club of Kathmandu Mid-town,Gorkha,Dhawa,,Household kits (excluding tarpaulins),150,150,Completed distributions ,10/05/15,10/05/15,,,,,,,
UNHCR,Yellow House,Sindhupalchok,Ramche,,Tarpaulin,52,52,Completed distributions ,08/05/15,08/05/15,,,,,,,
UNHCR,Yellow House,Ramechhap,Gumdel,,Tarpaulin,380,380,Completed distributions ,07/05/15,17/05/15,,,,,,,
UNHCR,Yellow House,Ramechhap,Gumdel,,Household kits (excluding tarpaulins),6,6,Completed distributions ,17/05/15,17/05/15,,,,,,,
UNHCR,Yellow House,Dhading,Sangkosh,,Tarpaulin,25,25,Completed distributions ,07/05/15,07/05/15,,,,,,,
UNHCR,Yellow House,Dhading,Nalang,,Tarpaulin,75,75,Completed distributions ,10/05/15,10/05/15,,,,,,,
UNHCR,Yellow House,Dhading,Nalang,,Household kits (excluding tarpaulins),2,2,Completed distributions ,10/05/15,10/05/15,,,,,,,
UNHCR,Yellow House,Sindhupalchok,Sindhupalchok,,Tarpaulin,30,30,Completed distributions ,08/05/15,08/05/15,,,,,,,
UNHCR,Yellow House,Sindhupalchok,Choukati,,Tarpaulin,110,110,Completed distributions ,08/05/15,08/05/15,,,,,,,
UNHCR,Yellow House,Sindhupalchok,Choukati,,Household kits (excluding tarpaulins),38,38,Completed distributions ,08/05/15,21/05/15,,,,,,,
UNHCR,Yellow House,Nuwakot,Sikre,,Tarpaulin,20,20,Completed distributions ,07/05/15,07/05/15,,,,,,,
UNHCR,Yellow House,Dolakha,Bhimeswor N.P.,,Household kits (excluding tarpaulins),2,2,Completed distributions ,08/05/15,08/05/15,,,,,,,
UNHCR,Yellow House,Dolakha,Bhimeswor N.P.,,Tarpaulin,55,55,Completed distributions ,08/05/15,08/05/15,,,,,,,
UNHCR,Yellow House,Dolakha,Suri,,Tarpaulin,250,250,Completed distributions ,09/05/15,09/05/15,,,,,,,
UNHCR,Yellow House,Lalitpur,Badikhel,,Tarpaulin,40,40,Completed distributions ,09/05/15,09/05/15,,,,,,,
UNHCR,Yellow House,Ramechhap,Lakhanpur,,Tarpaulin,215,215,Completed distributions ,10/05/15,10/05/15,,,,,,,
UNHCR,Yellow House,Ramechhap,Lakhanpur,,Household kits (excluding tarpaulins),4,4,Completed distributions ,10/05/15,10/05/15,,,,,,,
UNHCR,Yellow House,Nuwakot,Kakani,,Tarpaulin,50,50,Completed distributions ,12/05/15,12/05/15,,,,,,,
UNHCR,Yellow House,Solukhumbu,Sotang,,Tarpaulin,320,320,Completed distributions ,14/05/15,14/05/15,,,,,,,
UNHCR,Yellow House,Dolakha,Chilankha,,Tarpaulin,50,50,Completed distributions ,14/05/15,14/05/15,,,,,,,
UNHCR,Yellow House,Dolakha,Chilankha,,Household kits (excluding tarpaulins),1,1,Completed distributions ,14/05/15,14/05/15,,,,,,,
UNHCR,Yellow House,Ramechhap,Chuchure,,Tarpaulin,427,427,Completed distributions ,14/05/15,15/05/15,,,,,,,
UNHCR,Yellow House,Ramechhap,Chuchure,,Household kits (excluding tarpaulins),55,55,Completed distributions ,14/05/15,15/05/15,,,,,,,
UNHCR,Yellow House,Gorkha,Chumchet,,Tarpaulin,25,25,Completed distributions ,15/05/15,15/05/15,,,,,,,
UNHCR,Yellow House,Khotang,RakhaBangdel,,Tarpaulin,1585,1585,Completed distributions ,15/05/15,16/05/15,,,,,,,
UNHCR,Yellow House,Dolakha,Sahare,,Tarpaulin,237,237,Completed distributions ,15/05/15,15/05/15,,,,,,,
UNHCR,Yellow House,Dolakha,Sahare,,Household kits (excluding tarpaulins),10,10,Completed distributions ,15/05/15,15/05/15,,,,,,,
UNHCR,Yellow House,Rasuwa,Yarsa,,Household kits (excluding tarpaulins),10,10,Completed distributions ,15/05/15,15/05/15,,,,,,,
UNHCR,Yellow House,Rasuwa,Bridhim,,Household kits (excluding tarpaulins),10,10,Completed distributions ,11/05/15,11/05/15,,,,,,,
UNHCR,Yellow House,Khotang,RakhaBangdel,,Household kits (excluding tarpaulins),18,18,Completed distributions ,16/05/15,16/05/15,,,,,,,
UNHCR,Yellow House,Rasuwa,Timure,,Tarpaulin,75,75,Completed distributions ,16/05/15,16/05/15,,,,,,,
UNHCR,Yellow House,Rasuwa,Timure,,Household kits (excluding tarpaulins),15,15,Completed distributions ,16/05/15,16/05/15,,,,,,,
UNHCR,Yellow House,Dolakha,LakuriDada,,Tarpaulin,50,50,Completed distributions ,16/05/15,16/05/15,,,,,,,
UNHCR,Yellow House,Dhading,ChhatreDyaurali,,Tarpaulin,100,100,Completed distributions ,16/05/15,16/05/15,,,,,,,
UNHCR,Yellow House,Dolakha,Alampu,,Tarpaulin,530,530,Completed distributions ,16/05/15,16/05/15,,,,,,,
UNHCR,Yellow House,Dolakha,Alampu,,Household kits (excluding tarpaulins),15,15,Completed distributions ,16/05/15,16/05/15,,,,,,,
UNHCR,Yellow House,Rasuwa,Gatlang,,Household kits (excluding tarpaulins),15,15,Completed distributions ,16/05/15,16/05/15,,,,,,,
UNHCR,Yellow House,Gorkha,Thumi,,Tarpaulin,60,60,Completed distributions ,16/05/15,16/05/15,,,,,,,
UNHCR,Yellow House,Gorkha,Chhoprak,,Tarpaulin,255,255,Completed distributions ,17/05/15,17/05/15,,,,,,,
UNHCR,Yellow House,Ramechhap,Phulasi,,Tarpaulin,279,279,Completed distributions ,17/05/15,17/05/15,,,,,,,
UNHCR,Yellow House,Ramechhap,Phulasi,,Household kits (excluding tarpaulins),31,31,Completed distributions ,17/05/15,17/05/15,,,,,,,
UNHCR,Yellow House,Sindhupalchok,Pagretar,,Tarpaulin,205,205,Completed distributions ,17/05/15,18/05/15,,,,,,,
UNHCR,Yellow House,Sindhupalchok,Pagretar,,Household kits (excluding tarpaulins),2,2,Completed distributions ,18/05/15,18/05/15,,,,,,,
UNHCR,Yellow House,Dolakha,Katakuti,,Household kits (excluding tarpaulins),30,30,Completed distributions ,18/05/15,18/05/15,,,,,,,
UNHCR,Yellow House,Gorkha,Tandrang,,Household kits (excluding tarpaulins),2,2,Completed distributions ,18/05/15,18/05/15,,,,,,,
UNHCR,Yellow House,Dhading,Marpak,,Household kits (excluding tarpaulins),12,12,Completed distributions ,18/05/15,21/05/15,,,,,,,
UNHCR,Yellow House,Sindhupalchok,ThuloPakhar,,Household kits (excluding tarpaulins),10,10,Completed distributions ,19/05/15,19/05/15,,,,,,,
UNHCR,Yellow House,Ramechhap,Those,,Household kits (excluding tarpaulins),10,10,Completed distributions ,19/05/15,19/05/15,,,,,,,
UNHCR,Yellow House,Solukhumbu,Kaku,,Household kits (excluding tarpaulins),15,15,Completed distributions ,19/05/15,19/05/15,,,,,,,
UNHCR,Yellow House,Nuwakot,Tupche,,Household kits (excluding tarpaulins),6,6,Completed distributions ,20/05/15,20/05/15,,,,,,,
UNHCR,Yellow House,Sindhupalchok,Dhuyang,,Household kits (excluding tarpaulins),24,24,Completed distributions ,20/05/15,21/05/15,,,,,,,
UNHCR,Yellow House,Sindhupalchok,Jethal,,Household kits (excluding tarpaulins),5,5,Completed distributions ,20/05/15,20/05/15,,,,,,,
UNHCR,Yellow House,Gorkha,Darbhung,,Household kits (excluding tarpaulins),15,15,Completed distributions ,21/05/15,21/05/15,,,,,,,
UNHCR,Yellow House,Dolakha,Gairimudi,,Household kits (excluding tarpaulins),30,30,Completed distributions ,21/05/15,21/05/15,,,,,,,
UNHCR,Yellow House,Solukhumbu,Takasindu,,Household kits (excluding tarpaulins),1,1,Completed distributions ,21/05/15,21/05/15,,,,,,,
UNHCR,Yellow House,Solukhumbu,Chaurikharka,,Household kits (excluding tarpaulins),20,20,Completed distributions ,17/05/15,17/05/15,,,,,,,
UNHCR,Yellow House,Sindhupalchok,Lisankhu,,Household kits (excluding tarpaulins),10,10,Completed distributions ,22/05/15,22/05/15,,,,,,,
UNHCR,Yellow House,Sindhupalchok,ThuloDhading,,Household kits (excluding tarpaulins),15,15,Completed distributions ,22/05/15,23/05/15,,,,,,,
UNHCR,Yellow House,Nuwakot,Mahakali,,Household kits (excluding tarpaulins),5,5,Completed distributions ,22/05/15,22/05/15,,,,,,,
UNHCR,Yellow House,Dolakha,Bigu,,Household kits (excluding tarpaulins),4,4,Completed distributions ,23/05/15,23/05/15,,,,,,,
UNHCR,Soma Café,Gorkha,Kerauja,,Tarpaulin,100,,Completed distributions ,07/05/15,09/05/15,,,,,,,
UNHCR,Soma Café,Nuwakot,Kakani,,Tarpaulin,10,,Completed distributions ,07/05/15,09/05/15,,,,,,,
UNHCR,Soma Café,Nuwakot,Shikharbesi,,Tarpaulin,35,,Completed distributions ,07/05/15,09/05/15,,,,,,,
UNHCR,Soma Café,Nuwakot,Taruka,,Tarpaulin,5,,Completed distributions ,07/05/15,09/05/15,,,,,,,
UNHCR,Soma Café,Nuwakot,Madanpur,,Tarpaulin,20,,Completed distributions ,07/05/15,09/05/15,,,,,,,
UNHCR,Soma Café,Dhading,Jyamrung,,Tarpaulin,25,,Completed distributions ,07/05/15,09/05/15,,,,,,,
UNHCR,Soma Café,Sindhupalchok,Choukati,,Tarpaulin,20,,Completed distributions ,07/05/15,09/05/15,,,,,,,
UNHCR,Soma Café,Nuwakot,Manakamana,,Tarpaulin,75,,Completed distributions ,07/05/15,09/05/15,,,,,,,
UNHCR,Soma Café,Ramechhap,BamtiBhandar,,Tarpaulin,5,,Completed distributions ,07/05/15,09/05/15,,,,,,,
UNHCR,Soma Café,Nuwakot,KhadagBhanjyang,,Tarpaulin,5,,Completed distributions ,07/05/15,09/05/15,,,,,,,
UNHCR,Soma Café,Nuwakot,Belkot,,Tarpaulin,50,,Completed distributions ,07/05/15,09/05/15,,,,,,,
UNHCR,Soma Café,Dhading,Thakre,,Tarpaulin,50,,Completed distributions ,07/05/15,09/05/15,,,,,,,
UNHCR,Soma Café,Sindhupalchok,Helumbu,,Household kits (excluding tarpaulins),42,42,Completed distributions ,21/05/15,21/05/15,,,,,,,
UNHCR,Soma Café,Dolakha,Rowaling,,Household kits (excluding tarpaulins),10,10,Completed distributions ,25/05/15,25/05/15,,,,,,,
UNHCR,Soma Café,Dhading,Darkha,,Household kits (excluding tarpaulins),45,45,Completed distributions ,20/05/15,20/05/15,,,,,,,
UNHCR,Soma Café ,Dhading,Thakre,,Household kits (excluding tarpaulins),10,10,Completed distributions ,20/05/15,20/05/15,,,,,,,
UNHCR,Soma Café,Sindhupalchok,Ghorthali,,Household kits (excluding tarpaulins),43,43,Completed distributions ,25/05/15,25/05/15,,,,,,,
UNHCR,Médecins Sans Frontières-Belgium,Dhading,Jharlang,,Tarpaulin,100,,Completed distributions ,11/05/15,11/05/15,,,,,,,
UNHCR,TRWO,Kathmandu,Daxinkali,,Tarpaulin,10,0,Completed distributions ,07/05/15,,,,,,,,
UNHCR,TRWO,Solukhumbu,Khumjung,,Tarpaulin,5,5,Completed distributions ,16/05/15,16/05/15,,,,,,,
UNHCR,TRWO,Solukhumbu,Junbesi,,Tarpaulin,30,0,Completed distributions ,16/05/15,16/05/15,,,,,,,
UNHCR,TRWO,Solukhumbu,Tingla,,Tarpaulin,5,5,Completed distributions ,16/05/15,16/05/15,,,,,,,
UNHCR,TRWO,Kathmandu,Jorpati,,Tarpaulin,10,10,Completed distributions ,18/05/15,18/05/15,,,,,,,
UNHCR,TRWO,Kathmandu,Sitapaila,,Tarpaulin,5,0,Completed distributions ,18/05/15,18/05/15,,,,,,,
UNHCR,TRWO,Kathmandu,Tinchuli,,Tarpaulin,40,40,Completed distributions ,12/05/15,12/05/15,,,,,,,
UNHCR,TRWO,Dolakha,Jiri,,Tarpaulin,20,20,Completed distributions ,12/05/15,12/05/15,,,,,,,
UNHCR,TRWO,Dolakha,SusmaChhemawati,,Tarpaulin,15,15,Completed distributions ,12/05/15,12/05/15,,,,,,,
UNHCR,TRWO,Sindhupalchok,Helumbu,,Tarpaulin,5,5,Completed distributions ,12/05/15,12/05/15,,,,,,,
UNHCR,TRWO,Ramechhap,Sailung,,Tarpaulin,5,5,Completed distributions ,12/05/15,12/05/15,,,,,,,
UNHCR,DEM,Rasuwa,Gatlang,,Tarpaulin,420,400,Completed distributions ,12/05/15,13/05/15,,,,,,,
UNHCR,DEM,Rasuwa,Syafru,,Tarpaulin,110,100,Completed distributions ,12/05/15,12/05/15,,,,,,,
UNHCR,DEM,Rasuwa,Goljung,,Tarpaulin,80,80,Completed distributions ,12/05/15,12/05/15,,,,,,,
UNHCR,DEM,Rasuwa,Brabal,,Tarpaulin,40,40,Completed distributions ,12/05/15,12/05/15,,,,,,,
UNHCR,DEM,Kabhrepalanchok,Kushadevi,,Tarpaulin,40,40,Completed distributions ,09/05/15,14/05/15,,,,,,,
UNHCR,DEM,Kabhrepalanchok,Falemetar,,Tarpaulin,32,32,Completed distributions ,09/05/15,14/05/15,,,,,,,
UNHCR,DEM,Kabhrepalanchok,Bhumlutar,,Tarpaulin,15,15,Completed distributions ,09/05/15,14/05/15,,,,,,,
UNHCR,DEM,Kabhrepalanchok,ChyasingKharka,,Tarpaulin,20,20,Completed distributions ,09/05/15,14/05/15,,,,,,,
UNHCR,DEM,Kabhrepalanchok,Dhunkharka,,Tarpaulin,20,20,Completed distributions ,09/05/15,14/05/15,,,,,,,
UNHCR,DEM,Kabhrepalanchok,Panauti N.P.,,Tarpaulin,98,98,Completed distributions ,09/05/15,14/05/15,,,,,,,
UNHCR,DEM,Kabhrepalanchok,SankhupatiChour,,Tarpaulin,23,23,Completed distributions ,09/05/15,14/05/15,,,,,,,
UNHCR,DEM,Kabhrepalanchok,ChalalGaneshsthan,,Tarpaulin,10,10,Completed distributions ,09/05/15,14/05/15,,,,,,,
UNHCR,DEM,Kabhrepalanchok,DapchaChatraibhanjha,,Tarpaulin,15,15,Completed distributions ,09/05/15,14/05/15,,,,,,,
UNHCR,DEM,Gorkha,Nareshwor,,Tarpaulin,40,40,Completed distributions ,09/05/15,14/05/15,,,,,,,
UNHCR,DEM,Bhaktapur,Bhaktapur N.P.,,Tarpaulin,3,3,Completed distributions ,09/05/15,14/05/15,,,,,,,
UNHCR,DEM,Kabhrepalanchok,Banepa,,Tarpaulin,4,4,Completed distributions ,09/05/15,14/05/15,,,,,,,
UNHCR,DEM,Kabhrepalanchok,MahankalChaur,,Tarpaulin,30,30,Completed distributions ,09/05/15,14/05/15,,,,,,,
UNHCR,WeHelp Nepal,Sindhupalchok,Gumba,,Tarpaulin,330,330,Completed distributions ,11/05/15,11/05/15,,,,,,,
UNHCR,PHASE,Sindhupalchok,Jalbire,,Tarpaulin,300,300,Completed distributions ,12/05/15,12/05/15,,,,,,,
UNHCR,PHASE,Sindhupalchok,Hagam,,Household kits (excluding tarpaulins),12,12,Completed distributions ,12/05/15,12/05/15,,,,,,,
UNHCR,PHASE,Sindhupalchok,Fulpingkot,,Household kits (excluding tarpaulins),11,11,Completed distributions ,12/05/15,12/05/15,,,,,,,
UNHCR,PHASE,Kabhrepalanchok,RyaleBhir,,Household kits (excluding tarpaulins),10,10,Completed distributions ,02/06/15,02/06/15,,,,,,,
UNHCR,PHASE,Gorkha,Chumchet,,Household kits (excluding tarpaulins),10,10,Completed distributions ,12/06/15,12/06/15,,,,,,,
UNHCR,PHASE,Gorkha,Sirdibas,,Household kits (excluding tarpaulins),9,9,Completed distributions ,12/06/15,12/06/15,,,,,,,
UNHCR,PHASE,Gorkha,Kerauja,,Household kits (excluding tarpaulins),10,10,Completed distributions ,03/06/15,03/06/15,,,,,,,
UNHCR,PHASE,Gorkha,Kashigaun,,Household kits (excluding tarpaulins),9,9,Completed distributions ,03/05/15,03/05/15,,,,,,,
UNHCR,PHASE,Gorkha,Manbu,,Household kits (excluding tarpaulins),9,9,Completed distributions ,03/05/15,03/05/15,,,,,,,
UNHCR,PHASE,Sindhupalchok,Baramchi,,Household kits (excluding tarpaulins),10,10,Completed distributions ,20/06/15,20/06/15,,,,,,,
UNHCR,PHASE,Sindhupalchok,Selang,,Household kits (excluding tarpaulins),10,10,Completed distributions ,20/06/15,20/06/15,,,,,,,
UNHCR,PHASE,Sindhupalchok,Pangtang,,Household kits (excluding tarpaulins),10,10,Completed distributions ,23/06/15,23/06/15,,,,,,,
UNHCR,PHASE,Gorkha,Chhaikampar,,Household kits (excluding tarpaulins),10,10,Completed distributions ,23/06/15,23/06/15,,,,,,,
UNHCR,PHASE,Gorkha,Uhya,,Household kits (excluding tarpaulins),10,10,Completed distributions ,06/06/15,06/06/15,,,,,,,
UNHCR,TUTH,Lalitpur,Chapagaun,,Tarpaulin,6,6,Completed distributions ,08/05/15,08/05/15,,,,,,,
UNHCR,TUTH,Lalitpur,Lele,,Tarpaulin,8,8,Completed distributions ,08/05/15,08/05/15,,,,,,,
UNHCR,TUTH,Lalitpur,Nallu,,Tarpaulin,1,1,Completed distributions ,08/05/15,08/05/15,,,,,,,
UNHCR,TUTH,Nuwakot,Majhitar,,Tarpaulin,1,1,Completed distributions ,08/05/15,08/05/15,,,,,,,
UNHCR,TUTH,Kabhrepalanchok,Baldthali,,Tarpaulin,1,1,Completed distributions ,08/05/15,08/05/15,,,,,,,
UNHCR,TUTH,Kabhrepalanchok,Dolalghat,,Tarpaulin,1,1,Completed distributions ,08/05/15,08/05/15,,,,,,,
UNHCR,TUTH,Sindhupalchok,Charikot,,Tarpaulin,2,2,Completed distributions ,08/05/15,08/05/15,,,,,,,
UNHCR,Yellow House,Kathmandu,Kathmandu M.N.P.,,Household kits (excluding tarpaulins),152,152,Completed distributions ,14/05/15,20/06/15,,,,,,,
UNHCR,DEM,Lalitpur,Khokana,,Tarpaulin,200,200,Completed distributions ,14/05/15,15/05/15,,,,,,,
UNHCR,DEM,Kabhrepalanchok,Patikharka,,Tarpaulin,250,250,Completed distributions ,14/05/15,18/05/15,,,,,,,
UNHCR,DEM,Kabhrepalanchok,Saping,,Tarpaulin,40,40,Completed distributions ,16/05/15,16/05/15,,,,,,,
UNHCR,DEM,Kabhrepalanchok,GairiBisounaDeupur,,Tarpaulin,60,60,Completed distributions ,16/05/15,16/05/15,,,,,,,
UNHCR,DEM,Kabhrepalanchok,SalleBhumlu,,Tarpaulin,185,185,Completed distributions ,18/05/15,19/05/15,,,,,,,
UNHCR,DEM,Kabhrepalanchok,Okse,,Tarpaulin,25,25,Completed distributions ,16/05/15,16/05/15,,,,,,,
UNHCR,DEM,Kabhrepalanchok,Panchkhal,,Tarpaulin,25,25,Completed distributions ,16/05/15,16/05/15,,,,,,,
UNHCR,DEM,Sindhupalchok,Kadambas,,Tarpaulin,50,50,Completed distributions ,16/05/15,16/05/15,,,,,,,
UNHCR,DEM,Sindhupalchok,Kunchok,,Tarpaulin,55,55,Completed distributions ,16/05/15,17/05/15,,,,,,,
UNHCR,DEM,Dolakha,Jiri,,Tarpaulin,150,150,Completed distributions ,16/05/15,17/05/15,,,,,,,
UNHCR,DEM,Dhading,Maidi,,Tarpaulin,50,50,Completed distributions ,16/05/15,16/05/15,,,,,,,
UNHCR,DEM,Dhading,ChhatreDyaurali,,Tarpaulin,50,50,Completed distributions ,16/05/15,16/05/15,,,,,,,
UNHCR,DEM,Solukhumbu,Swara,,Tarpaulin,60,60,Completed distributions ,16/05/15,16/05/15,,,,,,,
UNHCR,DEM,Solukhumbu,Garma,,Tarpaulin,51,51,Completed distributions ,18/05/15,21/05/15,,,,,,,
UNHCR,DEM,Kabhrepalanchok,Salmechakala(Taldhunga),,Tarpaulin,23,23,Completed distributions ,18/05/15,21/05/15,,,,,,,
UNHCR,DEM,Solukhumbu,Maindopakhe,,Tarpaulin,15,15,Completed distributions ,18/05/15,21/05/15,,,,,,,
UNHCR,DEM,Solukhumbu,Deusa,,Tarpaulin,20,20,Completed distributions ,18/05/15,21/05/15,,,,,,,
UNHCR,DEM,Solukhumbu,Lapche,,Tarpaulin,18,18,Completed distributions ,18/05/15,21/05/15,,,,,,,
UNHCR,DEM,Solukhumbu,Khorya,,Tarpaulin,40,40,Completed distributions ,18/05/15,21/05/15,,,,,,,
UNHCR,DEM,Solukhumbu,Jogara,,Tarpaulin,35,35,Completed distributions ,18/05/15,21/05/15,,,,,,,
UNHCR,DEM,Solukhumbu,Dadakhadka,,Tarpaulin,25,25,Completed distributions ,18/05/15,21/05/15,,,,,,,
UNHCR,DEM,Dhankuta,Ahale,,Tarpaulin,18,18,Completed distributions ,18/05/15,21/05/15,,,,,,,
UNHCR,DEM,Solukhumbu,Daneshwor,,Tarpaulin,30,30,Completed distributions ,18/05/15,21/05/15,,,,,,,
UNHCR,DEM,Solukhumbu,Simkharka,,Tarpaulin,25,25,Completed distributions ,18/05/15,21/05/15,,,,,,,
UNHCR,DEM,Solukhumbu,Ghurmise,,Tarpaulin,35,35,Completed distributions ,18/05/15,21/05/15,,,,,,,
UNHCR,DEM,Solukhumbu,Nele,,Tarpaulin,45,45,Completed distributions ,18/05/15,21/05/15,,,,,,,
UNHCR,DEM,Solukhumbu,Rukura,,Tarpaulin,6,6,Completed distributions ,18/05/15,21/05/15,,,,,,,
UNHCR,DEM,Solukhumbu,Katike,,Tarpaulin,14,14,Completed distributions ,18/05/15,21/05/15,,,,,,,
UNHCR,DEM,Kabhrepalanchok,Saping,,Tarpaulin,40,40,Completed distributions ,18/05/15,21/05/15,,,,,,,
UNHCR,DEM,Okhaldhunga,Jyamire,,Tarpaulin,210,210,Completed distributions ,18/05/15,21/05/15,,,,,,,
UNHCR,DEM,Okhaldhunga,Salleri,,Tarpaulin,150,150,Completed distributions ,18/05/15,21/05/15,,,,,,,
UNHCR,DEM,Okhaldhunga,Kuntadevi,,Tarpaulin,250,250,Completed distributions ,18/05/15,21/05/15,,,,,,,
UNHCR,DEM,Rasuwa,Gatlang,,Household kits (excluding tarpaulins),30,30,Completed distributions ,12/06/15,12/06/15,,,,,,,
UNHCR,AMDA,Gorkha,Palumtar,,Tarpaulin,230,230,Completed distributions ,02/06/15,02/06/15,,,,,,,
UNHCR,AMDA,Gorkha,Palumtar,,Tarpaulin,80,0,Completed distributions ,02/06/15,02/06/15,,,,,,,
UNHCR,AMDA,Nuwakot,Kabilas,,Tarpaulin,400,400,Completed distributions ,20/05/15,20/05/15,,,,,,,
UNHCR,AMDA,Dhading,Aginchok,,Tarpaulin,60,0,Completed distributions ,02/06/15,02/06/15,,,,,,,
UNHCR,AMDA,Sindhupalchok,Choutara,,Tarpaulin,400,0,Completed distributions ,02/06/15,02/06/15,,,,,,,
UNHCR,AMDA,Nuwakot,Kakani,,Tarpaulin,300,300,Completed distributions ,18/05/15,18/05/15,,,,,,,
UNHCR,AMDA,Ramechhap,Pinkhuri,,Tarpaulin,25,25,Completed distributions ,18/05/15,18/05/15,,,,,,,
UNHCR,AMDA,Dolakha,Bhimeswor N.P.,,Tarpaulin,25,25,Completed distributions ,18/05/15,18/05/15,,,,,,,
UNHCR,AMDA,Kathmandu,Budanilkantha,,Tarpaulin,20,20,Completed distributions ,21/05/15,21/05/15,,,,,,,
UNHCR,AMDA,Kathmandu,Jorpati,4,Tarpaulin,5,0,Completed distributions ,21/05/15,21/05/15,,,,,,,
UNHCR,AMDA,Kathmandu,Jorpati,4,Tarpaulin,33,33,Completed distributions ,21/05/15,21/05/15,,,,,,,
UNHCR,AMDA,Kathmandu,Manmaiju,5,Tarpaulin,10,10,Completed distributions ,21/05/15,21/05/15,,,,,,,
UNHCR,AMDA,Bhaktapur,Gundu,,Tarpaulin,2,1,Completed distributions ,21/05/15,21/05/15,,,,,,,
UNHCR,AMDA,Kathmandu,Kathmandu M.N.P.,10,Tarpaulin,10,10,Completed distributions ,21/05/15,21/05/15,,,,,,,
UNHCR,The Last Resort,Sindhupalchok,Marming,,Tarpaulin,125,125,Completed distributions ,19/05/15,19/05/15,,,,,,,
UNHCR,The Last Resort,Sindhupalchok,Listikot,,Tarpaulin,275,275,Completed distributions ,19/05/15,19/05/15,,,,,,,
UNHCR,The Last Resort,Sindhupalchok,Listikot,,Tarpaulin,40,0,Completed distributions ,19/05/15,19/05/15,,,,,,,
UNHCR,The Last Resort,Sindhupalchok,Marming,,Tarpaulin,60,0,Completed distributions ,19/05/15,19/05/15,,,,,,,
UNHCR,The Last Resort,Sindhupalchok,Marming,,Household kits (excluding tarpaulins),108,108,Completed distributions ,19/05/15,19/05/15,,,,,,,
UNHCR,The Last Resort,Sindhupalchok,Listikot,,Household kits (excluding tarpaulins),182,182,Completed distributions ,19/05/15,19/05/15,,,,,,,
UNHCR,The Last Resort,Sindhupalchok,Gati,,Household kits (excluding tarpaulins),10,10,Completed distributions ,19/05/15,19/05/15,,,,,,,
UNHCR,Nepal Scouts,Sindhupalchok,Karthali,,Tarpaulin,42,42,Completed distributions ,14/05/15,14/05/15,,,,,,,
UNHCR,Nepal Scouts,Dhading,Thakre,,Tarpaulin,54,54,Completed distributions ,14/05/15,14/05/15,,,,,,,
UNHCR,Nepal Scouts,Kabhrepalanchok,FalateBhumlu,,Tarpaulin,32,32,Completed distributions ,14/05/15,14/05/15,,,,,,,
UNHCR,Nepal Scouts,Bhaktapur,Madhyapur Thimi N.P.,,Tarpaulin,42,42,Completed distributions ,14/05/15,14/05/15,,,,,,,
UNHCR,Nepal Scouts,Nuwakot,Kakani,,Tarpaulin,42,42,Completed distributions ,14/05/15,14/05/15,,,,,,,
UNHCR,Nepal Scouts,Nuwakot,Suryamati,,Tarpaulin,24,24,Completed distributions ,14/05/15,14/05/15,,,,,,,
UNHCR,Nepal Scouts,Dolakha,Jiri,,Tarpaulin,32,32,Completed distributions ,14/05/15,14/05/15,,,,,,,
UNHCR,Nepal Scouts,Kathmandu,Kapan,,Tarpaulin,12,12,Completed distributions ,14/05/15,14/05/15,,,,,,,
UNHCR,Nepal Scouts,Kathmandu,Shankharapur,,Tarpaulin,48,48,Completed distributions ,14/05/15,14/05/15,,,,,,,
UNHCR,Nepal Scouts,Kathmandu,Sundarijal,,Tarpaulin,24,24,Completed distributions ,14/05/15,14/05/15,,,,,,,
UNHCR,Nepal Scouts,Kathmandu,Kirtipur N.P.,,Tarpaulin,24,24,Completed distributions ,14/05/15,14/05/15,,,,,,,
UNHCR,Nepal Scouts,Gorkha,Prithbinarayan N.P.,,Tarpaulin,60,60,Completed distributions ,14/05/15,14/05/15,,,,,,,
UNHCR,Nepal Scouts,Rasuwa,Bhorle,,Tarpaulin,32,32,Completed distributions ,14/05/15,14/05/15,,,,,,,
UNHCR,Nepal Scouts,Rasuwa,Dhunche,,Tarpaulin,32,32,Completed distributions ,14/05/15,14/05/15,,,,,,,
UNHCR,Nepal Scouts,Sindhupalchok,Karthali,,Household kits (excluding tarpaulins),16,16,Completed distributions ,14/05/15,14/05/15,,,,,,,
UNHCR,Nepal Scouts,Nuwakot,Kakani,,Household kits (excluding tarpaulins),12,12,Completed distributions ,14/05/15,14/05/15,,,,,,,
UNHCR,Nepal Scouts,Dolakha,Jiri,,Household kits (excluding tarpaulins),18,18,Completed distributions ,14/05/15,14/05/15,,,,,,,
UNHCR,Nepal Scouts,Kabhrepalanchok,FalateBhumlu,,Household kits (excluding tarpaulins),18,18,Completed distributions ,14/05/15,14/05/15,,,,,,,
UNHCR,Nepal Scouts,Kathmandu,Kapan,,Household kits (excluding tarpaulins),4,4,Completed distributions ,14/05/15,14/05/15,,,,,,,
UNHCR,Nepal Scouts,Kathmandu,Shankharapur,,Household kits (excluding tarpaulins),17,17,Completed distributions ,14/05/15,14/05/15,,,,,,,
UNHCR,Nepal Scouts,Kathmandu,Kirtipur N.P.,,Household kits (excluding tarpaulins),16,16,Completed distributions ,14/05/15,14/05/15,,,,,,,
UNHCR,Nepal Scouts,Kathmandu,Chandragiri,,Household kits (excluding tarpaulins),16,16,Completed distributions ,14/05/15,14/05/15,,,,,,,
UNHCR,Nepal Scouts,Kathmandu,Sundarijal,,Household kits (excluding tarpaulins),12,12,Completed distributions ,14/05/15,14/05/15,,,,,,,
UNHCR,Nepal Scouts,Kathmandu,Kathmandu M.N.P.,,Household kits (excluding tarpaulins),10,10,Completed distributions ,14/05/15,14/05/15,,,,,,,
UNHCR,Nepal Scouts,Bhaktapur,Madhyapur Thimi N.P.,,Household kits (excluding tarpaulins),16,16,Completed distributions ,14/05/15,14/05/15,,,,,,,
UNHCR,Nepal Scouts,Rasuwa,Bhorle,,Household kits (excluding tarpaulins),9,9,Completed distributions ,14/05/15,14/05/15,,,,,,,
UNHCR,Nepal Scouts,Rasuwa,Dhunche,,Household kits (excluding tarpaulins),9,9,Completed distributions ,14/05/15,14/05/15,,,,,,,
UNHCR,Nepal Scouts,Gorkha,Prithbinarayan N.P.,,Household kits (excluding tarpaulins),18,18,Completed distributions ,14/05/15,14/05/15,,,,,,,
UNHCR,Nepal Scouts,Dhading,Thakre,,Household kits (excluding tarpaulins),18,18,Completed distributions ,14/05/15,14/05/15,,,,,,,
UNHCR,Nepal Scouts,Sindhuli,Kamalamai N.P.,,Household kits (excluding tarpaulins),25,25,Completed distributions ,14/05/15,14/05/15,,,,,,,
UNHCR,Nepal Scouts,Ramechhap,Ramechhap,,Household kits (excluding tarpaulins),25,25,Completed distributions ,14/05/15,14/05/15,,,,,,,
UNHCR,Nepal Scouts,Okhaldhunga,Okhaldhunga,,Household kits (excluding tarpaulins),25,25,Completed distributions ,14/05/15,14/05/15,,,,,,,
UNHCR,Nepal Scouts,Nuwakot,Suryamati,,Household kits (excluding tarpaulins),16,16,Completed distributions ,14/05/15,14/05/15,,,,,,,
UNHCR,Kavre Earthquake Relief-Rajeev Goyal,Kabhrepalanchok,Mangaltar,,Tarpaulin,140,140,Completed distributions ,18/05/15,18/05/15,,,,,,,
UNHCR,Kavre Earthquake Relief-Rajeev Goyal,Kabhrepalanchok,Bhimkhori,,Tarpaulin,250,250,Completed distributions ,18/05/15,19/05/15,,,,,,,
UNHCR,Kavre Earthquake Relief-Rajeev Goyal,Kabhrepalanchok,PokhariNarayansthan,,Tarpaulin,90,90,Completed distributions ,20/05/15,20/05/15,,,,,,,
UNHCR,Kavre Earthquake Relief-Rajeev Goyal,Kabhrepalanchok,Balting,,Tarpaulin,470,470,Completed distributions ,21/05/15,21/05/15,,,,,,,
UNHCR,Kavre Earthquake Relief-Rajeev Goyal,Kabhrepalanchok,UgrataraJanagal,,Tarpaulin,10,6,Completed distributions ,14/05/15,14/05/15,,,,,,,
UNHCR,Kavre Earthquake Relief-Rajeev Goyal,Kabhrepalanchok,SikharAmbote,,Tarpaulin,40,36,Completed distributions ,14/05/15,16/05/15,,,,,,,
UNHCR,Kavre Earthquake Relief-Rajeev Goyal,Kabhrepalanchok,Mangaltar,,Household kits (excluding tarpaulins),19,0,Completed distributions ,18/05/15,18/05/15,,,,,,,
UNHCR,Kavre Earthquake Relief-Rajeev Goyal,Kabhrepalanchok,Bhimkhori,,Household kits (excluding tarpaulins),2,0,Completed distributions ,18/05/15,18/05/15,,,,,,,
UNHCR,Kavre Earthquake Relief-Rajeev Goyal,Kabhrepalanchok,Mangaltar,,Household kits (excluding tarpaulins),3,3,Completed distributions ,18/05/15,18/05/15,,,,,,,
UNHCR,Kavre Earthquake Relief-Rajeev Goyal,Kabhrepalanchok,Bhimkhori,,Household kits (excluding tarpaulins),1,1,Completed distributions ,18/05/15,18/05/15,,,,,,,
UNHCR,Kavre Earthquake Relief-Rajeev Goyal,Kabhrepalanchok,Sanowangthali,,Household kits (excluding tarpaulins),8,0,Completed distributions ,23/05/15,23/05/15,,,,,,,
UNHCR,Kavre Earthquake Relief-Rajeev Goyal,Kabhrepalanchok,Choubas,,Household kits (excluding tarpaulins),2,0,Completed distributions ,23/05/15,23/05/15,,,,,,,
UNHCR,Kavre Earthquake Relief-Rajeev Goyal,Kabhrepalanchok,Balting,,Household kits (excluding tarpaulins),5,0,Completed distributions ,18/05/15,18/05/15,,,,,,,
UNHCR,Kavre Earthquake Relief-Rajeev Goyal,Kabhrepalanchok,Balting,,Household kits (excluding tarpaulins),17,17,Completed distributions ,22/05/15,22/05/15,,,,,,,
UNHCR,Kavre Earthquake Relief-Rajeev Goyal,Kabhrepalanchok,Sanowangthali,,Household kits (excluding tarpaulins),3,3,Completed distributions ,23/05/15,27/05/15,,,,,,,
UNHCR,Kavre Earthquake Relief-Rajeev Goyal,Kabhrepalanchok,Gokule,,Household kits (excluding tarpaulins),100,100,Completed distributions ,19/05/15,19/05/15,,,,,,,
UNHCR,Kavre Earthquake Relief-Rajeev Goyal,Kabhrepalanchok,Ghartichhap,,Household kits (excluding tarpaulins),100,100,Completed distributions ,19/05/15,19/05/15,,,,,,,
UNHCR,Kavre Earthquake Relief-Rajeev Goyal,Kabhrepalanchok,Dandagaun,,Household kits (excluding tarpaulins),100,100,Completed distributions ,19/05/15,19/05/15,,,,,,,
UNHCR,Kavre Earthquake Relief-Rajeev Goyal,Sangkhuwasabha,Khandbari,,Household kits (excluding tarpaulins),60,60,Completed distributions ,27/05/15,27/05/15,,,,,,,
UNHCR,Kavre Earthquake Relief-Rajeev Goyal,Nuwakot,Kalyanpur,,Household kits (excluding tarpaulins),2,0,Completed distributions ,20/05/15,20/05/15,,,,,,,
UNHCR,Kavre Earthquake Relief-Rajeev Goyal,Nuwakot,Kalyanpur,,Household kits (excluding tarpaulins),1,1,Completed distributions ,20/05/15,20/05/15,,,,,,,
UNHCR,Kavre Earthquake Relief-Rajeev Goyal,Nuwakot,Madanpur,,Household kits (excluding tarpaulins),5,0,Completed distributions ,20/05/15,20/05/15,,,,,,,
UNHCR,Kavre Earthquake Relief-Rajeev Goyal,Dhading,Kalleri,,Household kits (excluding tarpaulins),1,1,Completed distributions ,25/05/15,25/05/15,,,,,,,
UNHCR,Kavre Earthquake Relief-Rajeev Goyal,Dhading,Nilkantha,,Household kits (excluding tarpaulins),5,5,Completed distributions ,18/05/15,18/05/15,,,,,,,
UNHCR,Kavre Earthquake Relief-Rajeev Goyal,Dhading,Lapa,,Household kits (excluding tarpaulins),15,15,Completed distributions ,25/05/15,25/05/15,,,,,,,
UNHCR,Kavre Earthquake Relief-Rajeev Goyal,Kathmandu,Kathmandu M.N.P.,,Household kits (excluding tarpaulins),1,1,Completed distributions ,25/05/15,25/05/15,,,,,,,
UNHCR,Gorkha Foundation,Gorkha,Hanspur,,Tarpaulin,80,42,Completed distributions ,20/05/15,20/05/15,,,,,,,
UNHCR,Gorkha Foundation,Gorkha,Palumtar,,Tarpaulin,109,58,Completed distributions ,16/05/15,16/05/15,,,,,,,
UNHCR,Gorkha Foundation,Gorkha,Fujel,,Tarpaulin,50,23,Completed distributions ,20/05/15,20/05/15,,,,,,,
UNHCR,Gorkha Foundation,Gorkha,Shreenathkot,,Tarpaulin,35,21,Completed distributions ,20/05/15,20/05/15,,,,,,,
UNHCR,Gorkha Foundation,Gorkha,Nareshwor,,Tarpaulin,10,6,Completed distributions ,20/05/15,20/05/15,,,,,,,
UNHCR,Gorkha Foundation,Gorkha,Bhirkot,,Tarpaulin,15,9,Completed distributions ,14/05/15,14/05/15,,,,,,,
UNHCR,Gorkha Foundation,Gorkha,Sirdibas,,Tarpaulin,18,10,Completed distributions ,22/05/15,22/05/15,,,,,,,
UNHCR,Gorkha Foundation,Gorkha,Ghyalchok,,Tarpaulin,30,24,Completed distributions ,21/05/15,21/05/15,,,,,,,
UNHCR,Gorkha Foundation,Gorkha,Aanppipal,,Tarpaulin,30,18,Completed distributions ,21/05/15,21/05/15,,,,,,,
UNHCR,Gorkha Foundation,Lamjung,Pyarjung,,Tarpaulin,12,10,Completed distributions ,20/05/15,20/05/15,,,,,,,
UNHCR,Gorkha Foundation,Gorkha,Kharibot,,Tarpaulin,20,16,Completed distributions ,22/05/15,22/05/15,,,,,,,
UNHCR,Gorkha Foundation,Gorkha,Prok,,Tarpaulin,20,0,Completed distributions ,20/05/15,20/05/15,,,,,,,
UNHCR,Gorkha Foundation,Gorkha,Palumtar,,Tarpaulin,71,0,Completed distributions ,20/05/15,20/05/15,,,,,,,
UNHCR,Gorkha Foundation,Gorkha,Palumtar,,Household kits (excluding tarpaulins),119,119,Completed distributions ,14/05/15,20/05/15,,,,,,,
UNHCR,Gorkha Foundation,Gorkha,Hanspur,,Household kits (excluding tarpaulins),55,55,Completed distributions ,22/05/15,22/05/15,,,,,,,
UNHCR,Gorkha Foundation,Gorkha,Muchhok,,Household kits (excluding tarpaulins),25,25,Completed distributions ,24/05/15,24/05/15,,,,,,,
UNHCR,Gorkha Foundation,Gorkha,Sirdibas,,Household kits (excluding tarpaulins),18,18,Completed distributions ,23/05/15,23/05/15,,,,,,,
UNHCR,Gorkha Foundation,Gorkha,Aanppipal,,Household kits (excluding tarpaulins),4,4,Completed distributions ,17/05/15,17/05/15,,,,,,,
UNHCR,Gorkha Foundation,Gorkha,Taklung,,Household kits (excluding tarpaulins),6,6,Completed distributions ,16/05/15,16/05/15,,,,,,,
UNHCR,Gorkha Foundation,Gorkha,Palumtar,,Household kits (excluding tarpaulins),55,0,Completed distributions ,17/05/15,17/05/15,,,,,,,
UNHCR,Gorkha Foundation,Gorkha,Prok,,Household kits (excluding tarpaulins),18,0,Completed distributions ,17/05/15,17/05/15,,,,,,,
UNHCR,ACTED,Dolakha,Bocha,,Tarpaulin,1087,1087,Completed distributions ,16/05/15,16/05/15,,,,,,,
UNHCR,ACTED,Dolakha,Gjigan,,Tarpaulin,255,255,Completed distributions ,16/05/15,16/05/15,,,,,,,
UNHCR,ACTED,Dolakha,Nakuri Danda ,"7, 8",Tarpaulin,525,525,Completed distributions ,16/05/15,16/05/15,,,,,,,
UNHCR,ACTED,Sindhupalchok,Jethal,,Tarpaulin,133,133,Completed distributions ,16/05/15,16/05/15,,,,,,,
UNHCR,CDO Office,Solukhumbu,Dhudkunda Municipality,,Tarpaulin,500,,Completed distributions ,15/05/15,17/05/15,,,,,,,
UNHCR,Kageswori Manohara,Kathmandu,Kathmandu M.N.P.,1 to 9,Tarpaulin,300,300,Completed distributions ,17/05/15,18/05/15,,,,,,,
UNHCR,Nepal Health Professional Federation,Bhaktapur,Chhaling,,Tarpaulin,40,40,Completed distributions ,16/05/15,16/05/15,,,,,,,
UNHCR,Nepal Health Professional Federation,Bhaktapur,Duwakot,,Tarpaulin,1,1,Completed distributions ,17/05/15,17/05/15,,,,,,,
UNHCR,Nepal Health Professional Federation,Bhaktapur,Changunarayan,,Tarpaulin,1,1,Completed distributions ,16/05/15,16/05/15,,,,,,,
UNHCR,Nepal Health Professional Federation,Bhaktapur,Balkot,,Tarpaulin,1,1,Completed distributions ,17/05/15,17/05/15,,,,,,,
UNHCR,Nepal Health Professional Federation,Bhaktapur,Dadhikot,,Tarpaulin,2,2,Completed distributions ,18/05/15,18/05/15,,,,,,,
UNHCR,Nepal Health Professional Federation,Bhaktapur,Bageswori,,Tarpaulin,2,2,Completed distributions ,16/05/15,16/05/15,,,,,,,
UNHCR,Nepal Health Professional Federation,Bhaktapur,Sipadol,,Tarpaulin,1,1,Completed distributions ,16/05/15,16/05/15,,,,,,,
UNHCR,Nepal Health Professional Federation,Bhaktapur,Bhaktapur N.P.,3,Tarpaulin,2,2,Completed distributions ,18/05/15,18/05/15,,,,,,,
UNHCR,Nepal Health Professional Federation,Lalitpur,Godawari,,Tarpaulin,16,16,Completed distributions ,19/05/15,19/05/15,,,,,,,
UNHCR,Nepal Health Professional Federation,Lalitpur,Lele,,Tarpaulin,1,1,Completed distributions ,18/05/15,18/05/15,,,,,,,
UNHCR,Nepal Health Professional Federation,Kathmandu,Thau Thali,,Tarpaulin,1,1,Completed distributions ,16/05/15,16/05/15,,,,,,,
UNHCR,Nepal Health Professional Federation,Kathmandu,SankhupatiChour,,Tarpaulin,2,2,Completed distributions ,16/05/15,16/05/15,,,,,,,
UNHCR,Nepal Health Professional Federation,Kathmandu,Sitapaila,,Tarpaulin,1,1,Completed distributions ,16/05/15,16/05/15,,,,,,,
UNHCR,Nepal Health Professional Federation,Kathmandu,Kargashwor,,Tarpaulin,40,40,Completed distributions ,19/05/15,19/05/15,,,,,,,
UNHCR,Nepal Health Professional Federation,Kathmandu,Sinamangal,,Tarpaulin,9,9,Completed distributions ,16/05/15,16/05/15,,,,,,,
UNHCR,Nepal Health Professional Federation,Kathmandu,Kapan,,Tarpaulin,5,5,Completed distributions ,16/05/15,16/05/15,,,,,,,
UNHCR,Nepal Health Professional Federation,Kathmandu,Manmaiju,,Tarpaulin,1,1,Completed distributions ,18/05/15,18/05/15,,,,,,,
UNHCR,Nepal Health Professional Federation,Kathmandu,Kathmandu M.N.P.,,Tarpaulin,2,2,Completed distributions ,18/05/15,18/05/15,,,,,,,
UNHCR,Nepal Health Professional Federation,Sindhupalchok,Bansbari,8,Tarpaulin,15,15,Completed distributions ,17/05/15,17/05/15,,,,,,,
UNHCR,Nepal Health Professional Federation,Sindhupalchok,Manmaiju,9,Tarpaulin,15,15,Completed distributions ,17/05/15,17/05/15,,,,,,,
UNHCR,Nepal Health Professional Federation,Sindhupalchok,Sipghat,,Tarpaulin,10,10,Completed distributions ,18/05/15,18/05/15,,,,,,,
UNHCR,Nepal Health Professional Federation,Sindhupalchok,Kadambas,,Tarpaulin,1,1,Completed distributions ,18/05/15,18/05/15,,,,,,,
UNHCR,Nepal Health Professional Federation,Makawanpur,Taha,,Tarpaulin,10,10,Completed distributions ,18/05/15,18/05/15,,,,,,,
UNHCR,Nepal Health Professional Federation,Kabhrepalanchok,RaviOpi,,Tarpaulin,1,1,Completed distributions ,18/05/15,18/05/15,,,,,,,
UNHCR,Nepal Health Professional Federation,Kabhrepalanchok,Amarjyoti,,Tarpaulin,1,1,Completed distributions ,18/05/15,18/05/15,,,,,,,
UNHCR,Nepal Health Professional Federation,Nuwakot,Tupche,,Tarpaulin,1,1,Completed distributions ,18/05/15,18/05/15,,,,,,,
UNHCR,Nepal Health Professional Federation,Nuwakot,Thapagaun,,Tarpaulin,5,5,Completed distributions ,18/05/15,18/05/15,,,,,,,
UNHCR,Nepal Health Professional Federation,Dhading,Chainpur,,Tarpaulin,3,3,Completed distributions ,18/05/15,18/05/15,,,,,,,
UNHCR,Nepal Health Professional Federation,Dhading,Sanghukhar,,Tarpaulin,4,4,Completed distributions ,18/05/15,18/05/15,,,,,,,
UNHCR,Nepal Health Professional Federation,Dolakha,SusmaChhemawati,,Tarpaulin,5,5,Completed distributions ,17/05/15,17/05/15,,,,,,,
UNHCR,Nepal Health Professional Federation,Ramechhap,Doramba,,Tarpaulin,1,1,Completed distributions ,17/05/15,17/05/15,,,,,,,
UNHCR,Garud Foundation,Sindhupalchok,Sangachok,,Tarpaulin,50,50,Completed distributions ,20/05/15,20/05/15,,,,,,,
UNHCR,Garud Foundation,Makawanpur,Makawanpur,,Tarpaulin,6,0,Completed distributions ,25/05/15,25/05/15,,,,,,,
UNHCR,Garud Foundation,Dhading,Nilkantha,,Tarpaulin,1,0,Completed distributions ,25/05/15,25/05/15,,,,,,,
UNHCR,Garud Foundation,Makawanpur,Manthali,,Tarpaulin,4,3,Completed distributions ,25/05/15,25/05/15,,,,,,,
UNHCR,Garud Foundation,Makawanpur,Hetauda,,Tarpaulin,1,1,Completed distributions ,25/05/15,25/05/15,,,,,,,
UNHCR,Garud Foundation,Makawanpur,Bhimpedi,,Tarpaulin,2,2,Completed distributions ,25/05/15,25/05/15,,,,,,,
UNHCR,Garud Foundation,Makawanpur,Phaparbari,,Tarpaulin,8,5,Completed distributions ,25/05/15,25/05/15,,,,,,,
UNHCR,Garud Foundation,Makawanpur,Shikharpur,,Tarpaulin,8,5,Completed distributions ,25/05/15,25/05/15,,,,,,,